Wallet_Address,Timestamp,Method Id,Transaction Hash,Network
0xd1eba2a0888c3965f26e481b9e990627087626e1,2023-03-22T11:28:17.000Z,0x2e7ba6ef,0xc7b9be7bedbf68ca671ebcf9e3aa8aa22614fb80ed0d8cf7f477d253a767b7d2,bsc
0x01aa12b9628c0fc466d02273c193daaf8cc736c5,2023-03-22T11:28:32.000Z,0x2e7ba6ef,0xc92017444f991c06b2380754be872bec5a500aaf701c1f58d5e371107e3e99fe,bsc
0x7793021b51e3f25d8d2003b4285a9de2ff241cf6,2023-03-22T11:28:47.000Z,0x2e7ba6ef,0xdbbf6ba0ed85c252dbe478bb978c9faae8a442c0382ec3d6717073e7f5c41923,bsc
0x802a543fc439086725188e1bbb53914c14c4336a,2023-03-22T11:28:59.000Z,0x2e7ba6ef,0x01a4c25359873f4810f629c3c8a3347988fc7d813baa90c16098ac97f6c6d9d3,bsc
0xbe17801ba601241c78441f5c213c642a21f271a7,2023-03-22T11:29:17.000Z,0x2e7ba6ef,0xa3f1d20282bc3c68e42d0ff54910075d3c95281bf1e35abeb807332a51b01cb7,bsc
0x91d31d619a3b0148107edb681a3b7efacd5e9361,2023-03-22T11:29:47.000Z,0x2e7ba6ef,0x8ff7eb8b411da17c222c680ea60a352310e8f7006d09debb7b2b39703895d01b,bsc
0x281aebf468418e341c25af79dcef770ab7b30b22,2023-03-22T11:30:02.000Z,0x2e7ba6ef,0x2832be1d887803b95d45817084a2abb3f21e534cfbb4284e7289fc20f1e537fe,bsc
0x0bb7ac507b90f08fe02da77850a851686e11a84e,2023-03-22T11:30:17.000Z,0x2e7ba6ef,0x1e07d4c9dad4216d3d16128bbad5d7da6975f9f439ced9944c2bb188bf0f23c9,bsc
0x8c2fd9a605fdfd1bcec3f5334c519b5075ac589b,2023-03-22T11:30:41.000Z,0x2e7ba6ef,0xd1dcdf8fbe006372b0c9701b7251bf88df8939fec51e2a5dff5ee7f9c236b38a,bsc
0x42fbf2b387d511784930dc40100586666b28ca33,2023-03-22T11:31:05.000Z,0x2e7ba6ef,0x5ba880b0271e59c7183701ddc1d5243109e746de0b9b08adab031fc964d4ccd4,bsc
0x11ca692a3538e8c16ece9289740bfe2c6178e99b,2023-03-22T11:42:17.000Z,0x2e7ba6ef,0x6258a1666ffd692fb8a4370fe3972627aa2eaa8cbee0c61c866e9b5de326d8b3,bsc
0x7c8f890ef5d4343298cd8f5ef44165021b63165c,2023-03-22T11:42:38.000Z,0x2e7ba6ef,0xad43e0f2b7cbeda6c3a9f81abb5c9e405739a937944b0ef404b5880639c58387,bsc
0x8c62d96375e5febc2ca8b808209062b0c76a8bea,2023-03-22T11:42:59.000Z,0x2e7ba6ef,0x2bbfc23a0d9b5eefe54cafaf62b9633f38c7dfcd0e90ffef15d8d2b3fd54f95e,bsc
0x1c529b2b3f9250891fbb6600a50b371679074b56,2023-03-22T11:43:17.000Z,0x2e7ba6ef,0xb14a04d6c46c6fefc29cec486f9fcadc0e39c739457d321f59710a8ccd9082aa,bsc
0x61b7584713476a9c602f12e66c8f4c13a353ea85,2023-03-22T11:43:44.000Z,0x2e7ba6ef,0x11199d1af06298cb5befad3e545b0a48c82b24caeff98281a9bf7062ddcd6c79,bsc
0x399a19a17e94013f2b0e67f9e7c12f5ea52c6b7e,2023-03-22T11:44:08.000Z,0x2e7ba6ef,0xaf24d7963453697f40e34369ee55fc1f3253fbc806dcbb926169c6c1cc268e07,bsc
0xef0c239c1b0ac0555468f21a062fb2469c52ac32,2023-03-22T11:44:29.000Z,0x2e7ba6ef,0x5f46fc675d5c80fd25847d39cbe00e3800ac6ca500a4efa5c4c04dfaf495c5ab,bsc
0x08e433c7504ea4ac683327eb877daa29ebf2ed74,2023-03-22T11:44:50.000Z,0x2e7ba6ef,0x24e83f4da270d2309a0343c0eca1634b356947c4385f3190088c8a3090b63ad1,bsc
0x5ba88c55bb04e93518483154f92bcd88335bcd14,2023-03-22T11:45:08.000Z,0x2e7ba6ef,0xa1880a68b0373b99d2a6c40ac16f6c571caa1b317fa42e512d69ff2a063b8f88,bsc
0x4ff05fec964974db29440dcba2dc572cc09172bc,2023-03-22T11:12:06.000Z,0x2e7ba6ef,0x24eea42fa8a07334f3beece867159583864131137219055971bb671d80c9828b,bsc
0xd1eba2a0888c3965f26e481b9e990627087626e1,2023-03-22T11:32:05.000Z,0xa9059cbb,0xcde9c63ee48335f84908cc64930d988cc3867699b67035675356ce6a00cbc4e8,bsc
0x01aa12b9628c0fc466d02273c193daaf8cc736c5,2023-03-22T11:35:29.000Z,0xa9059cbb,0xce133b8af337e4e03743733bc3089580530b424a29132b7b97bd432045ff00d1,bsc
0x7793021b51e3f25d8d2003b4285a9de2ff241cf6,2023-03-22T11:36:08.000Z,0xa9059cbb,0xcc692e5ba4145ad35e61cb47ca957293823ceae09b8bfc5fa1d87223f14a4156,bsc
0x802a543fc439086725188e1bbb53914c14c4336a,2023-03-22T11:36:41.000Z,0xa9059cbb,0x5d608f2ebf59a800076c4e44edc0cead577dbea35a9ae7fdee7767eb7424d49a,bsc
0xbe17801ba601241c78441f5c213c642a21f271a7,2023-03-22T11:37:35.000Z,0xa9059cbb,0xa08630b51c6190de0892986c2badecdf891e942720dd6c4cc3e1850859a43ab4,bsc
0x91d31d619a3b0148107edb681a3b7efacd5e9361,2023-03-22T11:38:14.000Z,0xa9059cbb,0x3b0df86ac092c6979cd23614c30206c1444854a562d89ab0b27f4e3ab1959bb6,bsc
0x281aebf468418e341c25af79dcef770ab7b30b22,2023-03-22T11:38:53.000Z,0xa9059cbb,0x8c42837cb0771a3b9e13c8696f8342f0140300bc5ade3c371f410257f9f219fa,bsc
0x0bb7ac507b90f08fe02da77850a851686e11a84e,2023-03-22T11:39:29.000Z,0xa9059cbb,0xc77bfbbdc55311fc8ee64bcf9a777e9c358c71e29719c73a0a77945c6a167e2d,bsc
0x8c2fd9a605fdfd1bcec3f5334c519b5075ac589b,2023-03-22T11:40:08.000Z,0xa9059cbb,0x5b8d1ac2f5bb244a056563225ebc645758cfd5d35201e3744166e4e7a0e9b1b0,bsc
0x42fbf2b387d511784930dc40100586666b28ca33,2023-03-22T11:40:47.000Z,0xa9059cbb,0x2b36092e205d8f92f5526d97b5de5bf5ef5cdb859503faa2c226e8e50a55c059,bsc
0x11ca692a3538e8c16ece9289740bfe2c6178e99b,2023-03-22T11:47:17.000Z,0xa9059cbb,0xb03418bc74a330c14f4b2f4ea55f9e3c13759d2c54170d4ddf971e73facb8ea2,bsc
0x7c8f890ef5d4343298cd8f5ef44165021b63165c,2023-03-22T11:47:59.000Z,0xa9059cbb,0xcc952634716f6efe4b8e6a1338f2c34a088a12098c54c6727c0227652b0f70fe,bsc
0x8c62d96375e5febc2ca8b808209062b0c76a8bea,2023-03-22T11:48:47.000Z,0xa9059cbb,0x2e70e920ccd0e2ba628de5a529a6d57a47276b64811359f4199ad7eb39380481,bsc
0x1c529b2b3f9250891fbb6600a50b371679074b56,2023-03-22T11:49:50.000Z,0xa9059cbb,0x6e3a47e107021f5c0c31aed8caf8b4a35b7993cbade9a294485a1b9326a88d8c,bsc
0x61b7584713476a9c602f12e66c8f4c13a353ea85,2023-03-22T11:50:56.000Z,0xa9059cbb,0xb7f986ed3715822ecee68afe319db7e370d484faf730f8ca835230b460a6b4da,bsc
0x399a19a17e94013f2b0e67f9e7c12f5ea52c6b7e,2023-03-22T11:51:54.000Z,0xa9059cbb,0x83bfb94bb000cfad01c486b2f264269fa8bef61c91352c9e47495baeb5ccd7cd,bsc
0xef0c239c1b0ac0555468f21a062fb2469c52ac32,2023-03-22T11:57:48.000Z,0xa9059cbb,0xce89f987de4163c167aa238c27c94576ceeba82031e789e9d6f1f24ffab2c4be,bsc
0x08e433c7504ea4ac683327eb877daa29ebf2ed74,2023-03-22T11:55:00.000Z,0xa9059cbb,0x255f06d445c60d3648a9b187a57f8a58ea4edd5bf114fb0f314b53b5ad86f92b,bsc
0x5ba88c55bb04e93518483154f92bcd88335bcd14,2023-03-22T11:55:54.000Z,0xa9059cbb,0xe570a9a3935b9d2f1d5df7c3ae7f5ef6e9788f45556062295886a7f5197e9edf,bsc
0x4ff05fec964974db29440dcba2dc572cc09172bc,2023-03-22T11:56:52.000Z,0xa9059cbb,0x275aac4ec64ee2370356cd718a06bb28130c9febdd98d960f77a522325aab334,bsc
Wallet_Address,Timestamp,Method Id,Transaction Hash,Network
0xd1eba2a0888c3965f26e481b9e990627087626e1,2022-10-29T07:44:59.000Z,0x439370b1,0x6033ece377eb80cc745f87ecaf9f1d0c93c165816ac035c15432204712106982,eth
0x01aa12b9628c0fc466d02273c193daaf8cc736c5,2022-10-29T07:45:47.000Z,0x439370b1,0x2001756117113abb98b811190b49481b03cea7ada8fd16d37a8978440ef72ceb,eth
0x7793021b51e3f25d8d2003b4285a9de2ff241cf6,2022-10-29T07:46:11.000Z,0x439370b1,0x7cd0aa634cc83a0eb770ed75af5e47d0f56e55dabf3a302519524d6d1c9c6e47,eth
0x802a543fc439086725188e1bbb53914c14c4336a,2022-10-29T07:46:47.000Z,0x439370b1,0x3c4923b1bc406eaa3c4a4af1e85fab1344b5e1be58ed2aa3b32c2859bbe3fccb,eth
0xbe17801ba601241c78441f5c213c642a21f271a7,2022-10-29T07:47:23.000Z,0x439370b1,0xd0e702af1b38e137fd2372dbcf08db620e792c57978d1cc7b243c47346e763b1,eth
0x91d31d619a3b0148107edb681a3b7efacd5e9361,2022-10-29T07:47:47.000Z,0x439370b1,0xba7e8cc810c0cd39ac5def30bd026c69384400749aa5eca9c0f9b1d27dcf3ad4,eth
0x281aebf468418e341c25af79dcef770ab7b30b22,2022-10-29T07:48:23.000Z,0x439370b1,0x142395fffbcbac6b85c7e0903aaf997de5b759e26fd15284ddef94041d202a01,eth
0x0bb7ac507b90f08fe02da77850a851686e11a84e,2022-10-29T07:48:59.000Z,0x439370b1,0x2b9f5138e0c881a9d59a87d2fdc72e71bb430873a6627241a44d8cb77ec40e71,eth
0x8c2fd9a605fdfd1bcec3f5334c519b5075ac589b,2022-10-29T07:49:23.000Z,0x439370b1,0x153e526e0f10ed559cc56f7d83506db650825b972f619ca44fb926298d365388,eth
0x42fbf2b387d511784930dc40100586666b28ca33,2022-10-29T07:49:47.000Z,0x439370b1,0xbee492c1622efcace3196442e35353db48a2726af66db1016977d4e4c3d5b6ba,eth
0x11ca692a3538e8c16ece9289740bfe2c6178e99b,2022-10-29T07:50:59.000Z,0x439370b1,0xf0848bf7eed1a133157d80474623dc2dc09640e0ef6d33db0d3713b60dd188a5,eth
0x7c8f890ef5d4343298cd8f5ef44165021b63165c,2022-10-29T07:51:35.000Z,0x439370b1,0x9ed4a06f85a98cdac0d1683697d7d50f3179846f1f2a8e40a80e1b0cb86c01df,eth
0x8c62d96375e5febc2ca8b808209062b0c76a8bea,2022-10-29T07:51:59.000Z,0x439370b1,0x6fee4419328661b9452056bc375215cd72c6d882d35ae4097711bce0831bba80,eth
0x1c529b2b3f9250891fbb6600a50b371679074b56,2022-10-29T07:52:59.000Z,0x439370b1,0x86db4ac4ae3ba4ae18095b6b27d85bea5dbbfc567ea4cd775c2ff13cdb2cff74,eth
0x61b7584713476a9c602f12e66c8f4c13a353ea85,2022-10-29T07:55:23.000Z,0x439370b1,0xe2aeb46bf94dabfab25d2579c31b46f41a760162698f4d3c27404d2490ac065d,eth
0x399a19a17e94013f2b0e67f9e7c12f5ea52c6b7e,2022-10-29T07:55:47.000Z,0x439370b1,0xa67f422c70068e415b5961169af0f3a4355b8d10351c016b8700627fa4a198e1,eth
0xef0c239c1b0ac0555468f21a062fb2469c52ac32,2022-10-29T07:56:23.000Z,0x439370b1,0xfd52a4308cb9f0e73a83e99f76e069cfe26dad4c4ff5eb31e097bd34cf4e1442,eth
0x08e433c7504ea4ac683327eb877daa29ebf2ed74,2022-10-29T07:57:11.000Z,0x439370b1,0xe303982fd00b47f89333a2f0c4cbc0e46b44ee5f60bb85738fdacb24da80dd30,eth
0x5ba88c55bb04e93518483154f92bcd88335bcd14,2022-10-29T07:58:35.000Z,0x439370b1,0xc4929c680ecec389b60f3013295e4c51ab77a78057b4853ec1a6592669affe74,eth
0x4ff05fec964974db29440dcba2dc572cc09172bc,2022-10-29T07:59:11.000Z,0x439370b1,0xe67ae763c0cdd8f615318607ec6c7fb717bc86f64628bbdc186ba9636eb391ab,eth
0xd1eba2a0888c3965f26e481b9e990627087626e1,2022-10-29T08:01:11.000Z,0xf2c298be,0xb31eaaac1814ece515264ef5224faa186c8728e293716ac7dfb767c1c9b7b8e4,eth
0x01aa12b9628c0fc466d02273c193daaf8cc736c5,2022-10-29T08:02:35.000Z,0xf2c298be,0xe2ceea28bf3c72cb27e8799262e676b483759bda7715ad04267e4ace4343b8b6,eth
0x7793021b51e3f25d8d2003b4285a9de2ff241cf6,2022-10-29T08:03:47.000Z,0xf2c298be,0xecbada124b615970ccaf98a1f5fed931bec14d2a6632a816e2fd1719bd3709b8,eth
0x802a543fc439086725188e1bbb53914c14c4336a,2022-10-29T08:05:11.000Z,0xf2c298be,0x1dc1175e9db99c3ab653e58b3ffb06e18d178ba9e41f0aea56e461fa00e56c31,eth
0xbe17801ba601241c78441f5c213c642a21f271a7,2022-10-29T08:06:11.000Z,0xf2c298be,0x799a4e542243038d20a6e925ca55a040fac130d9ceb83153a6a49c393c946610,eth
0x91d31d619a3b0148107edb681a3b7efacd5e9361,2022-10-29T08:07:35.000Z,0xf2c298be,0xcb6e2765be2abe7e6cda7767422d3df90ea147b446280d5e6fdd827e5da5f4b0,eth
0x281aebf468418e341c25af79dcef770ab7b30b22,2022-10-29T08:08:59.000Z,0xf2c298be,0x2fdc3e2e78749658dabf4c7695dde6462c103f78eb8e2dc3a0dc35fc552dff0d,eth
0x0bb7ac507b90f08fe02da77850a851686e11a84e,2022-10-29T08:09:59.000Z,0xf2c298be,0x2aa451618bfff946b147b57a7b6be7e5ab6974a05a537ba8404c34ff051cd6b0,eth
0x8c2fd9a605fdfd1bcec3f5334c519b5075ac589b,2022-10-29T08:11:11.000Z,0xf2c298be,0xfe1dbf645b861b1f6b187414c36285dca34aa9a803e693a0b5706fd8907052ce,eth
0x42fbf2b387d511784930dc40100586666b28ca33,2022-10-29T08:12:11.000Z,0xf2c298be,0xb4bb998583269c4a2fbeb4e01030bb609a4d66ae22758902f3f3c5fd225f735a,eth
0x11ca692a3538e8c16ece9289740bfe2c6178e99b,2022-10-29T08:14:11.000Z,0xf2c298be,0x59b5d209ded3b4929bac7071c0bbebc1c3e320ffe6007d0a6ca345bd67ea6f80,eth
0x7c8f890ef5d4343298cd8f5ef44165021b63165c,2022-10-29T08:15:23.000Z,0xf2c298be,0xb4e462c0be2bca03f60b2fb8952a4faa428f92293ed9ad904651019fd5d1ad08,eth
0x8c62d96375e5febc2ca8b808209062b0c76a8bea,2022-10-29T08:17:11.000Z,0xf2c298be,0x7eef796a3d146ed6f11feae1f169cb10b2a6bf9a7ca6709077eca52cef63c6c3,eth
0x1c529b2b3f9250891fbb6600a50b371679074b56,2022-10-29T08:19:23.000Z,0xf2c298be,0x5be403a633dcaac4835c33a8b19f4365a6ec03e5270dcd8d965788cdc8145a49,eth
0x61b7584713476a9c602f12e66c8f4c13a353ea85,2022-10-29T08:20:47.000Z,0xf2c298be,0x2e61a41d2c25968c250491feb2149ee171154f5641743f501b766b1720809d92,eth
0x399a19a17e94013f2b0e67f9e7c12f5ea52c6b7e,2022-10-29T08:21:47.000Z,0xf2c298be,0x2ab9d88c399fd9c75c5708d1973db7c05f822037da7785201fda6e81d83e3d2e,eth
0xef0c239c1b0ac0555468f21a062fb2469c52ac32,2022-10-29T08:22:47.000Z,0xf2c298be,0x721360c4151c858b5271ea2c5b7f7f6780cff5105853e017b335d1c41ac7b951,eth
0x08e433c7504ea4ac683327eb877daa29ebf2ed74,2022-10-29T08:23:47.000Z,0xf2c298be,0xa935116b84c0b21c25f6e376b4568d12ea66ae4888ac8a8cfe59fc40b4a87f3b,eth
0x5ba88c55bb04e93518483154f92bcd88335bcd14,2022-10-29T08:25:11.000Z,0xf2c298be,0x4c481ac2c484aeff96b936370222e8b0ac8c812a4d02138916e87cb2e04bb7e6,eth
0x4ff05fec964974db29440dcba2dc572cc09172bc,2022-10-29T08:26:35.000Z,0xf2c298be,0x0a3fe0d3e72aafdcf5344dbe996e4b7327e5122fc1b86800cf84a82f3fc27254,eth
0xd1eba2a0888c3965f26e481b9e990627087626e1,2022-11-01T06:13:35.000Z,0xca23bb4c,0x8cd093853717464384acdd8da33043e117fc04cdd77e61adc96afb8bfcfa2cef,eth
0x01aa12b9628c0fc466d02273c193daaf8cc736c5,2022-11-01T06:16:35.000Z,0xca23bb4c,0xbc34d89081975da7055aac02efaaa292a0d5789fd536c5258495f27402b5cb8f,eth
0x7793021b51e3f25d8d2003b4285a9de2ff241cf6,2022-11-01T06:17:35.000Z,0xca23bb4c,0xe2d6d0ae0efdbcb9a6898514d77579ae6b62ac24115049d2feb81e1cbe315b7f,eth
0x802a543fc439086725188e1bbb53914c14c4336a,2022-11-01T06:18:23.000Z,0xca23bb4c,0xcec63981863519e7d5c6fe6060f4df593da946b2d24f5990e32d227fbefd88aa,eth
0xbe17801ba601241c78441f5c213c642a21f271a7,2022-11-01T06:18:59.000Z,0xca23bb4c,0x2aae7fa4dff391a27bfc9aff754dcbf16c265f90fc38c8d946ddab16c38ec96e,eth
0x91d31d619a3b0148107edb681a3b7efacd5e9361,2022-11-01T06:19:47.000Z,0xca23bb4c,0xc7e5a446492756d22fbc1e171e465a928f627b4ad820747ff38a015ef7d9b33b,eth
0x281aebf468418e341c25af79dcef770ab7b30b22,2022-11-01T06:21:11.000Z,0xca23bb4c,0x6907ce7dfa60b549c0f9b78a023863538ef82727d65d2c70eb73ffb4ff3fec93,eth
0x0bb7ac507b90f08fe02da77850a851686e11a84e,2022-11-01T06:21:47.000Z,0xca23bb4c,0x8984a172e326aabf74fe575f2fc634cfd0fbd7e89efde96226c02de1985e28fa,eth
0x8c2fd9a605fdfd1bcec3f5334c519b5075ac589b,2022-11-01T06:22:35.000Z,0xca23bb4c,0xb4ee0f9e9ad945194dcd644e9c0b2407fe8c02ecfc217590c7f2f2dec27d8207,eth
0x42fbf2b387d511784930dc40100586666b28ca33,2022-11-01T06:23:11.000Z,0xca23bb4c,0x97cb14d66bb13ce0747103880a92ca8e800f9cfa6dbcfa7a02cabb01485260af,eth
0x11ca692a3538e8c16ece9289740bfe2c6178e99b,2022-11-01T06:23:47.000Z,0xca23bb4c,0x53092630fe38b09b9d71002e3cf1be3a5f40e86ab19f9deae14efd3f98c8ae25,eth
0x7c8f890ef5d4343298cd8f5ef44165021b63165c,2022-11-01T06:24:23.000Z,0xca23bb4c,0x33e349e8cc07675de907b81a4069eb3ee9ccfa6afa5a69e181dc2de7d7339886,eth
0x8c62d96375e5febc2ca8b808209062b0c76a8bea,2022-11-01T06:25:35.000Z,0xca23bb4c,0x7b23ceb817860d511adb62632a1b1ac215cfe27fe7290993a72ea05149decf5d,eth
0x1c529b2b3f9250891fbb6600a50b371679074b56,2022-11-01T06:26:23.000Z,0xca23bb4c,0xf158f5b89170ac1a8134e89e75029fff5fa0cf0de6190bdc7114c67fca1ddd19,eth
0x61b7584713476a9c602f12e66c8f4c13a353ea85,2022-11-01T06:26:47.000Z,0xca23bb4c,0x2d627605c470a8c1605b00fd45df222a1b9c1af5fa712aeb66cccff03a157135,eth
0x399a19a17e94013f2b0e67f9e7c12f5ea52c6b7e,2022-11-01T06:27:35.000Z,0xca23bb4c,0x12cf8d24f5ac1740ecaa680b402772d7257b6254b8fc23604ef2d2bbb869bd2c,eth
0xef0c239c1b0ac0555468f21a062fb2469c52ac32,2022-11-01T06:28:11.000Z,0xca23bb4c,0xda54660b5af39b9d7e8b4e6f8540dcf0a6ab38dcf11f3e2efe31b7ef59424269,eth
0x08e433c7504ea4ac683327eb877daa29ebf2ed74,2022-11-01T06:28:59.000Z,0xca23bb4c,0xf2a2ce9735f3829940dea2fc88ed501493a8e1a4c30bdb6cb41705ffaec927a2,eth
0x5ba88c55bb04e93518483154f92bcd88335bcd14,2022-11-01T06:29:35.000Z,0xca23bb4c,0xa98208e5743c2a7240c74303fb06e5a8ebd616a9a1a8aa2e4108eca26f35cac0,eth
0x4ff05fec964974db29440dcba2dc572cc09172bc,2022-11-01T06:30:23.000Z,0xca23bb4c,0xdc7482bafb5d508d8dccd5007eaec2a875af9c654db23b9447a225ec3f66356e,eth
0xd1eba2a0888c3965f26e481b9e990627087626e1,2022-11-17T08:51:23.000Z,0x5f575529,0x36e8c77ae4ff4872783c3c44ae2c8e6fc9c1cf61df4c8b5065039fc9b20c41b8,eth
0x01aa12b9628c0fc466d02273c193daaf8cc736c5,2022-11-17T08:52:23.000Z,0x5f575529,0xa24b2840679e03bd2f6b2669dd6a096eb799d8edb7c7a25758cce23052340696,eth
0x7793021b51e3f25d8d2003b4285a9de2ff241cf6,2022-11-17T08:52:59.000Z,0x5f575529,0x40f46297253ae12f04d26eb199ce9f6f4ca91b77bb6f50a60910026139a64684,eth
0x802a543fc439086725188e1bbb53914c14c4336a,2022-11-17T08:57:35.000Z,0x5f575529,0xf519fa0da727f319ba7ba38701633a0a6ebfeff84ad396cb859c6675c0016cb8,eth
0xbe17801ba601241c78441f5c213c642a21f271a7,2022-11-17T08:58:11.000Z,0x5f575529,0x1572fd6b8e0873af608e594166b92ceb24a848ccbd5e7e30dc478fc46a78849a,eth
0x91d31d619a3b0148107edb681a3b7efacd5e9361,2022-11-17T08:58:47.000Z,0x5f575529,0xa068f59c2569e8e0df3ce2192d5a252ca61e6a45583612f39c9a55d31984f11c,eth
0x281aebf468418e341c25af79dcef770ab7b30b22,2022-11-17T08:59:23.000Z,0x5f575529,0x3269b6172d5cb81eca0786b520a7d6ee798bda17565f5790454bfa56307c1d8c,eth
0x0bb7ac507b90f08fe02da77850a851686e11a84e,2022-11-17T08:59:59.000Z,0x5f575529,0x174b64f1048bcecb2baebef59edd67b873e0221f2d2a5d25454a9358e3ce3833,eth
0x8c2fd9a605fdfd1bcec3f5334c519b5075ac589b,2022-11-17T09:00:47.000Z,0x5f575529,0x9e32e7b5bde20baecdd6167776f7966423a22533a4900ee5ca7b703282b815b6,eth
0x42fbf2b387d511784930dc40100586666b28ca33,2022-11-17T09:01:35.000Z,0x5f575529,0x4fef275840af7d30597bd9442c700212179d6713bb7357a295a8176e2b0480bb,eth
0x11ca692a3538e8c16ece9289740bfe2c6178e99b,2022-11-17T10:07:11.000Z,0x5f575529,0x1e4c318df80b698c34ec34f4a4b074a31825a864b942d474bf77f089d27e371f,eth
0x7c8f890ef5d4343298cd8f5ef44165021b63165c,2022-11-17T10:09:11.000Z,0x5f575529,0x1d85349cea96111c6693c96aea78bb23383968ce89a0a4dc857a75ccfa85220a,eth
0x8c62d96375e5febc2ca8b808209062b0c76a8bea,2022-11-17T10:13:11.000Z,0x5f575529,0x42323b21a13698edfc267fc719a25c5c7c3827da8983fa30a99918e596ec50e0,eth
0x1c529b2b3f9250891fbb6600a50b371679074b56,2022-11-17T10:14:11.000Z,0x5f575529,0x1a6546b7d1031da809dc6da7d7d5db5aaae858a78983ded9533da149245762cb,eth
0x61b7584713476a9c602f12e66c8f4c13a353ea85,2022-11-17T10:14:59.000Z,0x5f575529,0xb0649c80a866a0541e0d53392fc6c82bef8bd68dbdb065be9411a8e5ede2b4e2,eth
0x399a19a17e94013f2b0e67f9e7c12f5ea52c6b7e,2022-11-17T10:15:59.000Z,0x5f575529,0x56648b03b667b86fcd0617feff87591a50ad3d39a139d190ce07263263ca4b17,eth
0xef0c239c1b0ac0555468f21a062fb2469c52ac32,2022-11-17T10:16:47.000Z,0x5f575529,0x0c9aa601602f8297fc87e943a914c0497a01da738cf908c3d83c3d7bda6501d1,eth
0x08e433c7504ea4ac683327eb877daa29ebf2ed74,2022-11-17T10:17:23.000Z,0x5f575529,0x7e8579b450d02d3597094effb3142e9c80772dd0ec087871f2c9f044c8eb8063,eth
0x5ba88c55bb04e93518483154f92bcd88335bcd14,2022-11-17T10:20:35.000Z,0x5f575529,0x43037b5cf6deeabbd5d845327eab58685e53ae1cd3a1ce99728d8acd93948b3b,eth
0x4ff05fec964974db29440dcba2dc572cc09172bc,2022-11-17T10:21:11.000Z,0x5f575529,0x9822287cd8bd59885ddd46c67d4a43a90fa10df96bc1aa1259ecddf048c9b956,eth
